<?xml version="1.0" encoding="UTF-8" ?>
<!DOCTYPE log4j:configuration SYSTEM
        "http://logging.apache.org/log4j/1.2/apidocs/org/apache/log4j/xml/doc-files/log4j.dtd">
<log4j:configuration>
    <!-- Appenders -->
    <appender name="console" class="org.apache.log4j.ConsoleAppender">
        <param name="Target" value="System.out"/>
        <layout class="org.apache.log4j.PatternLayout">
            <param name="ConversionPattern" value="%-5p: %c - %m%n"/>
        </layout>
    </appender>

    <!-- Application Loggers -->
    <logger name="kr.or.ddit">
        <level value="info"/>
    </logger>

    <!-- 3rdparty Loggers -->
    <logger name="org.springframework.core">
        <level value="info"/>
    </logger>

    <logger name="org.springframework.beans">
        <level value="info"/>
    </logger>

    <logger name="org.springframework.context">
        <level value="info"/>
    </logger>

    <logger name="org.springframework.web">
        <level value="info"/>
    </logger>

    <!-- Root Logger -->
    <!--
    appender : 전달된 로그를 어디에 출력할지 결정(콘솔, 파일 기록, DB 저장)
    priority : 로그 레벨
        - fatal : 심각한 오류 발생 시
        - error : 요청 처리 중 문제 발생 시
        - warn : 프로그램 실행에는 문제가 없으나 오류 발생 경고 시
        - info : 상태변경 등 정보성 메시지
        - debug : 개발 시 디버깅 용도**
        - trace : 상세한 이벤트 용도
     -->
    <root>
        <priority value="debug"/>
        <appender-ref ref="console"/>
    </root>

</log4j:configuration>
