<?xml version="1.0" encoding="UTF-8"?>
<!DOCTYPE mapper PUBLIC "-//mybatis.org//DTD Mapper 3.0//EN" "http://mybatis.org/dtd/mybatis-3-mapper.dtd">
<mapper namespace="com.suin.zzang.mapper.Susu">

<select id="listData" resultType="SusuVO">
	select * from susu	
</select>
<select id="oneData" parameterType="SusuVO" resultType="SusuVO">
	select * from susu 
	where title = #{title}
</select>

<insert id="insertData" parameterType="SusuVO">
	insert into susu 
	values(#{title}, #{sname}, #{scont})
</insert>

<update id="updateData" parameterType="SusuVO">
	update susu 
	set
	scont = #{scont},
	sname = #{sname} 
	where title = #{title}
</update>

<delete id="deleteData" parameterType="SusuVO">
	delete from susu where title = #{title}
</delete>
	
</mapper>