<?xml version="1.0" encoding="UTF-8"?>
<beans xmlns="http://www.springframework.org/schema/beans"
       xmlns:xsi="http://www.w3.org/2001/XMLSchema-instance"
       xmlns:security="http://www.springframework.org/schema/security"
       xsi:schemaLocation="http://www.springframework.org/schema/security http://www.springframework.org/schema/security/spring-security.xsd
      http://www.springframework.org/schema/beans http://www.springframework.org/schema/beans/spring-beans.xsd">

    <security:http auto-config="true"></security:http>

    <bean class="org.springframework.security.crypto.bcrypt.BCryptPasswordEncoder" id="passwordEncoder"/>

    <security:authentication-manager>
        <security:authentication-provider> <!-- 주민등록증 -->
            <security:password-encoder ref="passwordEncoder"/>
            <security:user-service>
                <security:user name="ham" authorities="ROLE_ANGEL" password="$2a$10$bG/AL48BuWeOZlYhAHW8luoKpgudBxAR1hIho.fLQ90w2eEQv1R3G"/>
            </security:user-service>
        </security:authentication-provider>
    </security:authentication-manager>

</beans>